<application>
  <component name="MavenWrapperMapping">
    <option name="mapping">
      <map>
        <entry key="https://repo.maven.apache.org/maven2/org/apache/maven/apache-maven/3.6.3/apache-maven-3.6.3-bin.zip" value="C:\Users\wg\.m2\wrapper\dists\apache-maven-3.6.3-bin\1iopthnavndlasol9gbrbg6bf2\apache-maven-3.6.3" />
        <entry key="https://repo.maven.apache.org/maven2/org/apache/maven/apache-maven/3.8.4/apache-maven-3.8.4-bin.zip" value="C:\Users\wg\.m2\wrapper\dists\apache-maven-3.8.4-bin\52ccbt68d252mdldqsfsn03jlf\apache-maven-3.8.4" />
        <entry key="https://repo.maven.apache.org/maven2/org/apache/maven/apache-maven/3.8.5/apache-maven-3.8.5-bin.zip" value="C:\Users\wg\.m2\wrapper\dists\apache-maven-3.8.5-bin\5i5jha092a3i37g0paqnfr15e0\apache-maven-3.8.5" />
        <entry key="https://repo.maven.apache.org/maven2/org/apache/maven/apache-maven/3.8.6/apache-maven-3.8.6-bin.zip" value="C:\Users\wg\.m2\wrapper\dists\apache-maven-3.8.6-bin\1ks0nkde5v1pk9vtc31i9d0lcd\apache-maven-3.8.6" />
        <entry key="https://repo1.maven.org/maven2/org/apache/maven/apache-maven/3.6.0/apache-maven-3.6.0-bin.zip" value="C:\Users\wg\.m2\wrapper\dists\apache-maven-3.6.0-bin\3rgjh30jneo7541hun7uggltkb\apache-maven-3.6.0" />
      </map>
    </option>
  </component>
</application>