<application>
  <component name="ProjectManager">
    <defaultProject>
      <component name="AutoImportSettings">
        <option name="autoReloadType" value="SELECTIVE" />
      </component>
      <component name="Encoding" defaultCharsetForPropertiesFiles="UTF-8">
        <file url="PROJECT" charset="UTF-8" />
      </component>
      <component name="GradleLocalSettings">
        <option name="myGradleUserHome" value="E:/gradle-7.3.2" />
      </component>
      <component name="MavenImportPreferences">
        <option name="generalSettings">
          <MavenGeneralSettings>
            <option name="alwaysUpdateSnapshots" value="true" />
            <option name="localRepository" value="C:\Users\wg\.m2\repository" />
            <option name="mavenHome" value="E:/apache-maven-3.6.3" />
            <option name="userSettingsFile" value="E:\apache-maven-3.6.3\conf\settings.xml" />
          </MavenGeneralSettings>
        </option>
      </component>
      <component name="ProjectInspectionProfilesVisibleTreeState">
        <entry key="Project Default">
          <profile-state>
            <expanded-state>
              <State />
              <State>
                <id>Java</id>
              </State>
            </expanded-state>
            <selected-state>
              <State>
                <id>Abstraction issuesJava</id>
              </State>
            </selected-state>
          </profile-state>
        </entry>
      </component>
      <component name="ProjectViewState">
        <option name="showLibraryContents" value="true" />
        <option name="showVisibilityIcons" value="true" />
      </component>
      <component name="PropertiesComponent">{
  &quot;keyToString&quot;: {
    &quot;last_opened_file_path&quot;: &quot;E:/gradle-7.3.2&quot;,
    &quot;settings.editor.selected.configurable&quot;: &quot;MavenSettings&quot;
  }
}</component>
      <component name="SvnConfiguration">
        <configuration>C:\Users\wg\AppData\Roaming\Subversion</configuration>
      </component>
      <component name="masterDetails">
        <states>
          <state key="Copyright.UI">
            <settings>
              <splitter-proportions>
                <option name="proportions">
                  <list>
                    <option value="0.14124292" />
                  </list>
                </option>
              </splitter-proportions>
            </settings>
          </state>
          <state key="ProjectJDKs.UI">
            <settings>
              <last-edited>1.8</last-edited>
              <splitter-proportions>
                <option name="proportions">
                  <list>
                    <option value="0.2" />
                  </list>
                </option>
              </splitter-proportions>
            </settings>
          </state>
          <state key="ScopeChooserConfigurable.UI">
            <settings>
              <splitter-proportions>
                <option name="proportions">
                  <list>
                    <option value="0.14124292" />
                  </list>
                </option>
              </splitter-proportions>
            </settings>
          </state>
        </states>
      </component>
    </defaultProject>
  </component>
</application>