<application>
  <component name="DependencyUISettings">
    <option name="UI_FLATTEN_PACKAGES" value="false" />
    <option name="UI_SHOW_MODULES" value="false" />
  </component>
  <component name="UISettings">
    <option name="FULL_PATHS_IN_TITLE_BAR" value="true" />
    <option name="OVERRIDE_NONIDEA_LAF_FONTS" value="true" />
    <option name="SCROLL_TAB_LAYOUT_IN_EDITOR" value="false" />
    <option name="SHOW_MAIN_TOOLBAR" value="true" />
    <option name="CONTRAST_SCROLLBARS" value="true" />
  </component>
</application>