<application>
  <component name="AppStorage">
    <option name="newTranslationDialogWidth" value="588" />
    <option name="newTranslationDialogX" value="-620" />
    <option name="newTranslationDialogY" value="738" />
    <histories>
      <item value="Generic" />
      <item value="qualifying" />
      <item value="deprecated" />
      <item value="asset" />
      <item value="assert" />
      <item value="Dimension" />
      <item value="Statistics" />
      <item value="Indicator" />
      <item value="parameter Type" />
      <item value="UNION" />
      <item value="stages" />
      <item value="stack Trace" />
      <item value="dump" />
      <item value="metrics" />
      <item value="traces" />
      <item value="PROCESSOR REVISION" />
      <item value="PROCESSOR IDENTIFIER" />
      <item value="Edition" />
      <item value="specification" />
      <item value="Specification" />
      <item value="parse" />
      <item value="Internal" />
      <item value="Amount" />
      <item value="budget" />
      <item value="Affect" />
      <item value="exclusions" />
      <item value="Access denied for user 'root'@'localhost'" />
      <item value="Could not obtain connection to query metadata" />
      <item value="obtain" />
      <item value="relocated" />
      <item value="surefire" />
      <item value="staging" />
      <item value="staged" />
      <item value="Angular Peaking" />
      <item value="optional" />
      <item value="tuple" />
      <item value="range" />
      <item value="compose" />
      <item value="CENTERLINEOFFSET" />
      <item value="SLAG" />
      <item value="GASPORE" />
      <item value="Grade" />
      <item value="Flow" />
      <item value="Rectangle" />
      <item value="is not eligible for getting processed by all BeanPostProcessors" />
      <item value="operation" />
      <item value="transfer" />
      <item value="candidates" />
      <item value="present" />
      <item value="contrast" />
    </histories>
    <option name="languageScores">
      <map>
        <entry key="CHINESE" value="697" />
        <entry key="ENGLISH" value="697" />
        <entry key="CHINESE_TRADITIONAL" value="1" />
        <entry key="BULGARIAN" value="1" />
        <entry key="POLISH" value="1" />
        <entry key="FRENCH" value="1" />
        <entry key="GALICIAN" value="2" />
        <entry key="LATIN" value="6" />
        <entry key="LUXEMBOURGISH" value="1" />
        <entry key="ROMANIAN" value="1" />
        <entry key="NORWEGIAN" value="1" />
        <entry key="PORTUGUESE" value="1" />
        <entry key="SWAHILI" value="1" />
        <entry key="WELSH" value="1" />
        <entry key="SPANISH" value="1" />
        <entry key="GREEK" value="1" />
        <entry key="HUNGARIAN" value="1" />
        <entry key="ITALIAN" value="1" />
      </map>
    </option>
  </component>
  <component name="Cache">
    <option name="lastTrimTime" value="1693535467591" />
  </component>
  <component name="Settings">
    <option name="aliTranslateSettings">
      <app-key>
        <option name="appId" value="LTAI5tMdz7ETsuTBcjNdK4aN" />
      </app-key>
    </option>
    <option name="baiduTranslateSettings">
      <app-key>
        <option name="appId" value="20221108001441996" />
      </app-key>
    </option>
    <option name="phoneticFontFamily" value="Droid Sans Mono" />
    <option name="primaryFontFamily" value="Droid Sans Mono" />
    <option name="translator" value="ALI" />
  </component>
</application>